Review_ID,Truly_Predicted_Class,Original_Text,Explanation,Label1,Label2
1042,Positive,quick tour intrepid boyfriend little gem avenue expecting turned reservations door hostess eye downstairs table two waiting us downstairs low watt hanging ceiling soft warm walls appear strips know effect pleasing placed way far apart reach tap think working many tables flag times throughout meal worth wait mero sea pesto ordered size rice sweet viejo verde decided ceviche mixto assorted medley baby ate almost sorry sweetie ceviches fish smooth easy little kick sea bass nice flavor need knife cut rice unique sauce indescribably leave fail although chicken beans plaintains home unfortunately left behind sure left hoboken back pio will occur ,quick little expecting low hanging ,0,1
6531,Negative,ordered option weekday sunday supper many yelpers apparently thought mio disappointing allows one selected different including items decidedly oily let tell right service water always full plates never table seconds also complimentary mushroom oil ricotta spread served knock socks still say well par dessert tasty cappuccino stellar recommend ricotta raspberry kicker peppercorns ricotta know description decided trust one artful ever recalled modo recommend excessively oily arugula ordered oil used colander sieve item finish massive lamb better oil experience ruined every weeks one ingredient bitter see self returning time ever maybe way ever ,ordered weekday many apparently thought ,0,1
1423,Positive,suprised pittore seemingly painter exec chef reputation disappoint greeted also upstairs quiet similar noble updated server knowledgable offered additions person carb addict foccacia hint cheese fennel salted pastry antipasti crudo red snapper fig serrano pepper scallops beet puree oil initially strange delight flavor primi tortellini lobster black truffle however touch disappointed put finger licked plate clean tasted agnolotti proscuitto eaten several orders little filled order wanted dessert secondi bf got lamb entree addition fillet served white bean puree fan size dessert seriously nutella filled chocolate doughnuts fried served sweet vanilla dipping sauce apple warm gelati light apples delish go back gnocchetti ,also upstairs person pastry scallops ,0,1
8100,Negative,nice running place gets half full obvious need workers alternatives knew food expensive well came ct towns stamford add insult average best still korean food want oriental pantry cart school lunch open really craving good food end driving dinner ,half need food add insult ,1,1
1135,Positive,oh crying absolutely figuratively crying needs lobster pasta primo pizza treat pasta amazing homemade sounds plan water girl help understand ice times gave seems must comes service slow well ago still working kinks however arrival gladly return coming days amazing pasta sauce divine ,oh absolutely lobster amazing homemade ,1,1
2419,Negative,began dreaded question establishment require orientation certainly dishes largely pok bringing dishes thailand found also isan cuisine now northern thai open reflecting trendanista brooklynites thai guy portland dozen orientation sessions khao northern served small overwhelming mound noodles broth ratio seemed complex portland many dish original restaurant much catfish also one redeeming feature fresh herbs dish sauce well soft mango salad queens ,establishment orientation certainly found cuisine ,1,1
884,Positive,absolute honor reviewer phila upenn broken various rooms homey em makes safe handedly made winter bearable eyes tuaca toddie amish grilled sandwich fave tho dish organic experience someone meal philly without dog ,absolute various makes eyes grilled ,1,1
627,Negative,greek biyfriend hunting best octopuses afterv day starving yelp grilled octopus top see marked going pita bread delicious thanks welcome ever two sweet balsamic vinegar robbery pylos better taverna kyclades manhattan trick ,starving yelp top see going ,1,0
997,Positive,nights veins pumping whiskey search morning really good times service wine last four split hanger steak amazing excellent favor marrow marmalade start delicious fatty serves full best late night food city oh hip date late want john fan table music right ,really good wine last steak ,1,0
7062,Negative,company turned considered finest want flavorful york thin crust thin flavorful environment pretty bar good cocktails food falls somewhat flat ordered cauliflower pizza enough cauliflower florets larger expected kept pizza pizza florets bite good florets cheese kick think options fall bit shorter end think friends dishes try ,company turned want york pretty ,1,1
237,Positive,amazing rican food sofrito place puerto rican food uncle good swear perfection sooooo good honest try thing restaurants sofrito lot cheaper duhhhh service awesome staff sweethearts love ,amazing rican place puerto good ,1,1
3372,Negative,overrated clientele young local pabst affect taste omelette provolone spinach peanut french toast sausage top rosemary dry one plate another salt sausage salty hang cut generally morningstar farms breakfast veggie good vegetables tasty toast drowned fructose sauce peanut exactly service snooty snookie server seemed blind wait sunday advice call instead green eggs ,overrated local taste omelette provolone ,1,1
579,Positive,philadelphia starrrestaurant story starr creation experience bar ability produce visually stimulating lost sibling original hanging seating chairs resemble yoshi mario character matchless expect end dressed good mostly roof top bar worth self patrons sip aldrin mixture tang triple orange rimmed glass ,philadelphia story starr ability lost ,0,1
2268,Negative,went pj rufos food prepared find inspiring little frustrated though menu potato came neither pet peeve vegetarian said nothing menu sprinkled came send back severe restrictions divided bar room tvs hard quiet evening frustrating distracted unhelpful robotic meal going back choices good italian food area ,went food frustrated though menu ,1,1
238,Positive,overall maduros white rice red beans pollo pricing portion authentic delicious disappointment usually bit especially table expected take food go block community enjoy meal cash ,overall white rice beans pollo ,0,1
316,Negative,decor styled see one blindside average place someone diner chic image flock seems cuz still far since always really really love quaint little neighborhood character kitschy decor pop sometimes abbrasive owner mainly decor plastic flowers tacky framed famous every classic offer treats egg cash policy feeling timeless old skool enviroment kind fathom adjustments dishes always brings delicious hard find anymore say better waiting line clinton hill hipsters simple food dun things menu hopes finding especially good nothing even breakfast average things eggs simple nothing ever greasy foodie standards see neighborhood something better cafe believe cuz food blueberry pancakes good tasted box menu fare ask something time made deal fruit menu seemed baffle request typical diner even city qualified diner say everything makes either ordered roast beef holiday mood superior everyday year frame hanging well afraid damnit ,decor see one average someone ,0,0
478,Positive,love concept swinging basket chairs place much turkey perfectly definitely fake patty good twizzle martini fantastic also giving stars dinosaurs private party actually reasons even ,love swinging chairs place much ,1,1
1321,Negative,corned beef told yea happens sharp got dish two small happen anywhere else whatever kale good bit much lemon vinaigrette place food whole chicken thing servers lack let anything want two stars nice will take two stars northern spy better minute wait hype ,told happens got two else ,0,1
679,Positive,searching yelp today slots new listing caught eye hot place seemed sammies looked damn good called went planned sammie special grilled chucked fresh mozzarella nuff sandwhich awesome bursting freshness bonus offered free skewer melon ham years will ask next time ,new caught hot place damn ,0,0
2457,Negative,city full cheesteaks pretty rise head shoulders competition now cheesteaks much anymore mean hate fave mine taste philadelphia late defunct wizards still remains another steak shop ,city pretty rise competition now ,1,1
262,Positive,came sunday line soon got someone offered cool later us cookies minutes came offering try amazing going part french fries instead home fries ok one best comes take spicy boyfriend pancakes got rickey drink tried reviews workers service pretty quick although moves quickly come back way saw sign coney might give ,came line soon cookies offering ,0,0
3839,Negative,marabella company buddy night feelings polished vibe service excellent meatballs misses bowl will steep essentially fast food place consisting spaghetti eight sauce cheese bread absurd especially described box artisan past guessing box barilla meatball sampler costs worth meatballs crustini sandwich option change meatballs prepared individually away really worth effort bread differential scoop meatballs four separate fix star spot form stare focusing ,company service will fast food ,0,1
182,Positive,now taipei small privately hakka immigrants china besides egg pancakes milk little shop famous common breakfast fried cruller shao bing tiao fact specialty people line minutes morning buy one day decided try little see around morning placed end minutes arrived front line bark now manning griddle fried cruller wrapped please nin yiao ummm fried wrapped um panc highly eloquent retort simply skipped take right behind relegated visibly determined right time upon owner still preoccupied fragrant sesame buns managed whimper barely ge bing tiao brusquely shouted handling first crunchy goodness even owner shop sort taking order english food chinese ,small egg little shop fried ,0,0
6692,Negative,tip bring chair face anyone mean kardashian wannabe nyu fit loser yet trying really hard kids follow stand mix losers drinks way overrated kids hot ,tip face mean fit hard ,1,1
422,Positive,las bugambilias serving solidly nowhere near five three savored offering entire alcohol small fee away daily requirement went whole thought great heightening jewwy feel using type greeted door pleasantly already reservation four ready go us thank seriously living room definitely waited tables incredibly close small theme continues bathroom much larger degree bend look whatev saloon casual issue busiest ordered round sangrias pretty tasty okay liked pricetag order chips laughable restaurant end abnormal reasonable well highly recommend soups entrees really delish thought standout fuzzy probably entrees run total apps rounds drinks dollars savored really ask reminded made pretty expensive see worth experience yummy really need go ,las near offering small daily ,0,0
3307,Negative,trouble eat cantina offshoot tavern clearly kitchen opener brunch waitress name maria survived inhaling food going toilet vomit sideways disappeared magic show high bitter hollandaise accompaniment nothing sauce signifier breakfast romaine fresh plantains breakfast named number pool came remember veggie sausage charred laziness town vegetarian number ,eat tavern clearly brunch waitress ,0,1
724,Positive,another restaurant narrow streets les time thai pretty right now make reservation side menu plates large sides people recommend plates whatever thing pricy khao dishes large go cocktails think come occasions ,thai right make reservation side ,0,1
2248,Negative,overrated priced huge everything forget mention non alcoholic unless mix taste place crowded food good portions tiny cuban usually feeling full excited expectation left wanting feeling joint ,overrated priced huge forget mention ,0,1
915,Positive,love brew much indeed review way blue packets big really prefer open kill tofu scramble ok will poetic coffee good menu space induces strange relaxation response regular happy making morning friend fare counter cause really ,love much big really open ,1,1
2581,Negative,sabrinas staffed bunch space care already established recent check given minutes food waitress came see needed change times final ready friday morning meh admit french savory dishes well fritattas often southwestern trying together sit eat day nolib ,staffed bunch care already recent ,0,0
164,Positive,deciding powerhouses one tried unless alternate one possible hoagie first try one ate hungry well fault maybe providing clean bright tried walked since slightly meat though thought cheese better know actual steak first heart ever try even field see happens way blow next wiz baby ,try well clean bright slightly ,1,1
2317,Negative,glorious sunday morning upon entry two staff talking saying different things local immediately months ordered cold still convince enter aforementioned incident happened request server table hmm sit top table dirty owner believe asks want table back friends table aforementioned us table table greeted toast takes order smartly laugh major hangover home id ordering hour place says run home live policy think point car id especially offered bar table half full local ,glorious morning two talking saying ,0,0
282,Positive,stop new restaurants white plates artfully refreshing breath diner pork much girl sunday crave giant unpretentious eggs said long brunch really waiting seated minutes fed delicious bites line cookies coffee slices soccer practice silver dollar pancakes priced right coffee tea served mugs turkey sausage juicy delicious decor awesome great zillion silly newspaper clippings service friendly one complaint homefries pretty solved addition lot ketchup runny egg oily ,stop new white plates refreshing ,1,1
3055,Negative,voice rest chorus times really burger place totally new clothes now meat done ordered quality cheese expect caseus fromagerie fries heavenly now time went ordered something meat flavor excellent salty finish palate usually highly absolutely inedible sauce probably simmering long difference home server point inedible cleared oh okay uh happily hamburger ribs agreed ultimately forked half customer really offer something really ruined help leave really bad taste bad unapologetically snotty snotty snotty talking episode rude taking first time husband hostess open talk us window call reservation seriously stood outside called cellphone made reservation jackasses features number table something interesting go bistro fare might bring others fromagerie part caseus incomparable selection fine cheeses assorted elsewhere new also together great air festival arts shakespeare park fromagerie stars bistro service give line want reservation gods smiling go experience fuss ,rest times burger totally now ,0,0
207,Positive,plenty times since review terrific pumpkin biscuits loving visit attention creative sexy really orleans sazerac tuesday know better day one year celebratory nola gras fat tuesday took advantage tastes rinsed rye sugar cube cocktail yes every old fashioneds thursday dangerous anyway night celebrated holiday one tastiest morsels blackened gator stick vegan wings better per order tues fri wings either slathered sauce served helping brussels eater tastes else say sauce world wings better actual wing service rocks fishtown regular spot ,plenty terrific pumpkin visit really ,1,1
1678,Negative,review recent clinton way brunch remember awhile ago now wait food random least right ordered cakes side rings blt shrimp blt avocado thick bacon rest obviously crab fried asked fan small fried cut guess expecting place know comfort american food maybe brunch maybe ,review recent clinton way brunch ,0,0
195,Positive,looks place hit mainly hit still working friends reservations must since others arrived tables leave seater poor planning ended turning interested patrons digress crispy appetizer yes service come way something else entrees spice legitimate spice faint oddly pad see pad thai kinda set bigger got saw us wondering friend lemongrass soup tried bit take home another bowl take charge go open mind kill ,looks place hit must interested ,0,0
1186,Negative,else drink two view rest place harbor time got fried stuff save relative expense time confusion staff drinks order ended table order food boy comes water silverware table given signal wait stuff away whaaa order food drinks overlooking also place basically wednesday trek place stuff together food another new wrinkly ,else drink two view rest ,0,0
327,Positive,diner kind neighborhood secret flowers party lights funny ornaments hens two color wear timey go pumpkin ricotta cranberry goes usually stack saturdays line open time go weekdays ,diner neighborhood secret funny wear ,0,1
2320,Negative,intents purposes hate word though ever one definition establishment quality want food actually possible decent time food utter people enjoy drinking news flash people eat drinking around late going chef hoped menu fried black bean burger deep boom welcome somehow food managed one evening husband stopped drink got new appetizer grilled cocktail respectively ok first marrow dish microwaved previously shrimp sitting sloppy sweet ketchup cocktail wait covered lettuce also serviceable new day fine guess took food ordered point realize wine also per small goblet charge bar sensitivity beer think husband someplace good craft nice wine countless city johnny prohibition taproom pope name disappointing really place west philly well bar bit higher ,hate word though ever one ,0,1
159,Positive,ordered provolone cheez whiz instead ask know comes say provolone seriously slightly style onions cheese delight worth size soda one size fries prepared wait fast precious people across street ambiance food ,whiz comes say seriously slightly ,0,1
3910,Negative,larger items menu biggest issue tacos palms folded half means three lucky ordered miniature mention kick anywhere prepare home missing prepared grocery bought chips yes still found average throw spices chunks mango appreciating simplicity sure whatever case stand unique main though cool got paloma ,items menu issue tacos half ,0,1
61,Positive,sangria means spanish wanted drink bite early village led choice let waiter owner tapas urgently insisted octopus clams fried cod sauce crazy octopus pretty crostinis pales though big vat fruit mix fruit choice waiter said best another pitcher white yummy yummy authenticity red ,sangria means bite early village ,0,0
127,Negative,friend town traditional went noon parking bad expected street parking managed block away much line time leaving line forming decor pretty say least guys seemed food seconds around pretty think signs ever back press deporation ignorance far cheese fries diet coke cheesesteak cheese bit different cheesesteak window different fries pay clear prettttty meat gray cut long slices ish chunks really cooked greasy looked wet one end grease napkins good felt cheesesteak american cheese however cheez cheese top really bottom much fries stuck together might back another visiting since right reason food good signs putting ,friend town went parking bad ,1,1
89,Positive,wrote philly missed steak pats cheese steak side ready realize subject cheese love cheese think better northern complaints staff total wiz onward say went way ,missed steak side love staff ,1,1
440,Negative,give place stars takeout guess meat uncooked meat pieces dish eat raw since lunchtime return food stuck hour lunch go place looks nice lazy food properly pretty esp since thai restaurants skillman ,give guess meat pieces eat ,1,1
438,Positive,thai food nj lot prince part close conveniently located cinemas food nuanced lots far tastes delicious nice though mall great ambiance popular spot end year holiday lunches also bring date efficient pleasant full impressive reasonable ,thai nj lot part close ,0,0
1848,Negative,worst coy fish pond enter overall food memorable hot room temperature except broccoli recently second broccoli barely warm filling bugs food plus roof leaking fish pond now water stains ceiling almost tipped forward food boyfriends food people saturday decent highly ill running soon place come back im area im hungry particular craving buffet nothing less ,worst pond enter food except ,1,1
136,Positive,ageless comparison geno less meat meat slightly seasoning wiz bread italian chewy sandwich presented wrapped easy porous meat less tender chess wiz bread crunchy sandwich much smaller wrapper oil makes eating messy general darker ,slightly wiz chewy wrapped easy ,0,0
699,Negative,time list good though apple table cough amuse bean bean thanks cobwebs fancy ahead time kitchen sends coordination place done first sharing plate min next working comes will gap entrees fire food every comes told terrine pig brain value sliced sweet potato ehhh rip pasta anyone home take pay pork diced plate sauce special rye randomly spread plate good perfect place saw place morons website eater especially home go impressed decor presentation plate try hard create new potato maitake sliced worth best really know leave figure hard flavors work worth passed point ,time though table bean thanks ,0,0
748,Positive,try pig worth wait went dinner tonight unassuming street lower inside restaurant unassuming much expecting outdoor back strung christmas server top fan excited cohen bar start delicious tried one take campari vermouth cardamom juice usually taste gin incredible also tried take used sherry ginger also delicious server suggested two small one found much food tasty home leftovers started sizzling sisig soi reviewed time flavorful lovely surprised love spice little someone dish disastrous coconut rice side soothe burning bit meal plate ribs back eat plates big fan ,try pig dinner lower much ,0,1
1242,Negative,last want start service always considered evaluating main reason higher food often highly good prefer able soak came wet together good rated partner tasty crispy got salt peppered several okay maybe overcooked honestly real flavor sauce still found overall restaurant customers establishment got vietnam somewhat robotic served automated ability customers service autopilot everything done personality little eye contact found rather staff huddled front quietly laughing service equal partners decision return willing give one shot norm go elsewhere ,want service reason higher food ,0,1
320,Positive,every eaten fulfilling make land sometimes top whatever never seem pull well influentially serve outside waited line door simply find friendly omeletes fries rock decor bit lose stuff though forward leap lived closer probably often ,every eaten make well waited ,0,1
1203,Negative,giving place stars design venue huge lot details shark protruding crawling wall newspaper clippings end two entry evening went initially impressed two hosts efficiently diners realized ouch lady hostess table swaying gyrating air front perhaps hopes attention next ah remembered party us rot minutes yeah said questioned us real happened party sick sick oysters clam sandwiches eating halfway felt immediately within friends swollen flop nauseous neither word feeling ruin night made waitress news probably blame moderately enjoyed pork sandwich proceed ,giving huge shark two went ,0,1
304,Positive,gem many say amidst real temp door wait waitress came food less got kidding done believe thats done sweet pancakes side turkey chorizo friggin gooey perfect batter sour tone balanced potato cheddar grits adorned mayonnaise sauce hit spot also vanilla egg according cream thunk yeah looking wonderfully special authentic find wait ,say temp came thats sweet ,1,1
176,Negative,interview visit buddy scott take places philly drawn bright neon marquee speed food brought ready minute meant went bad overall dry fries decent also blown away english amazing ,take places philly neon food ,0,0
17,Positive,went sangria tapas birthday pm thursday night one got running late seated arrive pomegranate blueberry sangria fruity fresh entire pitcher cost tapas small split waiter enough food satisfied ordering standout dishes shrimp sauce potatoes fried dishes savory food dish dishes overly overall really great meal left go back another recommended ,sangria tapas birthday pm night ,0,1
1382,Negative,review shocked many enjoy starters something truly farm efforts will saying well time boyfriend really wanted go open opinions someone lives city something hesitantly general discomfort sheer number pork options menu decided polenta eggs dish braised greens sounds delicious utterly disappointing soupy dish greens enough spoon yet ordered looked tasted nothing feel risotto freezer say amazing waitress incredibly brought crisp great bite rest meal satisfying cost even spending money spend time ,review shocked many enjoy starters ,0,1
317,Positive,brunch brunchtime expect fear bring oh thank orange slices tide youre cozy old school time even alive everything feels old food large even place bustling never wait wonderfulness ,bring oh thank orange slices ,0,1
198,Negative,honestly hoopla hopefully going returning gave part little denial disappointed short pretty big guess first sign food may quality momma type patience service cute faced restaurant unfortunately raining went bread stale pepper made calamari casino mozzarella coconut shrimp shrimp whatever although everything tasty obviously frozen appetizers pre made best super chewy even finish food type seafood spinach sounded interesting seafood looks appetizing chewy weird weird yellow thing explain inside looked fresh shrimp scallops super either frozen picture overall great smell actually made little delicious bf got chicken mimosa seemed ended home expensive appetizer one plus byob honest see many chance ,honestly going returning gave disappointed ,1,1
38,Positive,yummyyyy tapas tapas hour pitchers ask anything else mussels succulent moist broth flavor cooked way servings actually putting definitely something visit pieces snail garlic sauce escargot embarrassing garlic plate pairing garlic bread made worth croquettes higher level mozzarella even much ham inside hot melty delicious go cheese ham tomato toast tapas plate whole fan goat cheese ham helped cheese flavor goat cheese tapas chorizo chorizo dish chorizo potato carmalized cut spiciness greasy onion basket bread perfect another visit chorizo potato dish comes pieces though potato starch oily lot flavor bursting pass make bravas drizzle every tapas place ordering probably order patatas though since also helps garlic one night us around sauce mouth undertones broth hits notes elevates little bowl bread winner definitely meatballs meh meatballs commented meatballs order another anytime mango mango sangria reminded one spiked sweet bite probably lemon kept mistaking stronger actually wine probably order dessert venieros across waiter picking us ton little hot belize little jar today fried chicken actually find world never fill also baskets around great come tapas dishes fyi bathroom happy eatings ,tapas pitchers moist broth flavor ,1,1
3693,Negative,arrived wafting aroma permeated throughout richardson table yet bar one stove people started worried sakerinha corona finished caipirinha sakerinha milked corona two pao de bauru feijoada waitresses glancing us hopeful arrive less one fellow ask waitress food minus one waitress us joan stomach called went outside back inside food appeared food good wait salad hour really minus one promptly brings water flagged check left stuffy restaurant ,arrived table bar one people ,0,1
187,Positive,boyfriend guy decided go jasmine whim headed kimmel show absolutely enjoyed got got jasmine rice chicken bring bottle went whim definitely back bottle wine hand byob ,jasmine show absolutely enjoyed rice ,1,1
243,Negative,charm ass small spot greasy tables language tv waitress overwhelmed love latino cooking weak pork chops two cooked spiced slabs side rice beans rice beans city rich latino waste ,greasy tables language waitress two ,0,0
172,Positive,give joey vento politics shove finger since hygiene probably pass select though best steak area said behind dumbfuck cooked perfection first pork sandwich actually compliment staff always patrons well always officer fundraisers lot whether philadelphia police respect lives piece neighborhoods also love old italian men morning coffee breeze lit benches shore feeling clientele days heavy drinking perfect bike ride away ,joey vento probably pass select ,0,0
332,Negative,place two different sometimes lousy percenty go food good times nature maybe two different lead ordered stuffed burger last special came roll second burnt roll sent back rare parts raw want back seem someone else check let go fan atmosphere also fantastic lamb review right done come ,two sometimes go food times ,0,0
189,Positive,friend greeted aromatic delicious food well share orders lemon grass see panaeng curry spring came quickly beautifully fragrant tangy right amount grass order pad see appropriately sweet spicy crisp carrots delicious jasmine ,delicious well share lemon grass ,1,1
480,Negative,big expectations quinoa okay nothing order recreate table ordered unappetizing hearing shoestring fries order fries turned flavorless greasy actually add pepper sort flavor dessert menu pretty good food pretty unappealing seats worn bathrooms better recommend ,expectations okay nothing order table ,0,0
236,Positive,pork chops ten going bland piece sitting lamp prior dela total two ass muy chops flavorful pig served yellow tore tore cooked pig give five bumps pig place small wait full couple right behind us well waiting leaving place sipping surfing walks behind sticks money register laptop table company looked situation situation big frown faces surfing guy got friend tried plantains none us think enough subtract pork chops bueno staff enjoyed back fa sure chop bookmark place ,pork chops piece total ass ,0,0
3178,Negative,americana downhill years seems money replaced gigantic menus skimpy bread now paper bag opted unfortunately ask everything meant given plain baked potato cream butter cream ,years seems money replaced menus ,0,0
309,Positive,enthusiastic one yelpers brian come laura texted brunch hells walk slight line older man comes tray coffees saw rained went inside umbrella french fries man cinnamon bites someone else offered us orange fresh strawberries mean stop influx lovely bites mind one bit line maybe minutes think felt customer served snacking still food geared walnut man amazing quickly arrived moist hot flavorful mildly even think say tables food reluctant move newly acquired pancake butt oh rainy sunday hopefully soon return still egg cream ,yelpers line comes cinnamon bites ,0,0
1925,Negative,cheesesteaks next day want cheesesteak places philly parked tried first cheesesteaks high okay similar thing many little pa probably make better home cheesesteak philly expected ,cheesesteaks want cheesesteak places philly ,0,0
224,Positive,words dogs go review stop right hot matter delicious oh already street already shop standards englander dixie missing chicago ones steakhouse chili supreme reviews chili something tried pack much sweet plain combines dog also sides throw charge added pickle hits park flavor take business small table two difficult impossible another must owner importantly translates cooking lastly via nice welcome near weenie now saves whenever nostalgic feeling certainly worthy challenger ,words dogs stop right hot ,1,1
629,Negative,yelp friday without settled table stools sitting bar duration meal ass numb trifecta enjoyed problem housing much servers ordered shank potatoes overpriced also wowed meal according polling meal yelpers ,yelp settled table sitting bar ,1,1
283,Positive,neighborhood brunch place amazing take almost guests warm sunny menu pancakes beef hash flavored butters pancakes pancakes ever add syrup long however will served orange slices cookies slices care ,neighborhood place amazing warm sunny ,1,1
314,Negative,looking really looking forward good wait coffee orange cookies fries ice water coming increase star rating mean everyone people really wanted needed shitty wierd hair pancake ordered supreme good wanted good really fluffy promised certainly feel pancake gf ordered omelet got plastic sigh egg cream egg cream admit service pocket almost feeling liking kind joint ,wait coffee fries ice water ,1,1
55,Positive,saturday evening without reservation time let us together still watch flamenco show really bartender really nice appreciated great love got crepes sangria impressed huge bin fruit bar scoop tapping sangria really try ,evening without reservation together watch ,0,0
477,Negative,place snacks friend yesterday asked go roof deck way went hostess wrong area bouncer us hostess go upstairs sticky bar bartenders walked numerous never saying word finally confused state stopped male tracks hello order put took insisted give hold thought inch lamb pumps wearing far began tending bar us anything sky blue nothing dirty bar uninterested inattentive mediocre bar bites wine food ,friend yesterday asked go roof ,0,0
188,Positive,best philadelphia much shoots will love let upgrade papaya said award winning tom yum soup good gave oil exactly rolls little none forever loyal customer fan jasmine wanted rice dish pad good order ,best philadelphia much love award ,1,1
881,Negative,everyone place must lack spots food okay dinner somewhere blocks pressed dessert emma last night service significantly reason resolving much hurry leave change though second star ,everyone lack spots food okay ,0,0
54,Positive,came sat bar enjoyed tapas drinks awesome pitcher pomegranate equally delicious compare apples wolverines things cheese plate cheese unimpressive asparagus potatoes hand sooped bread yum yum read seating strange time sangria begs outside ,came enjoyed tapas drinks awesome ,1,1
1445,Negative,three brunch starving finally sat usually means put mouth small next window servers nice ordered pancakes bf ordered eggs pancakes rich meal eggs benedict hand great finished instantly kind wait blown think wait least one star sadly right now extravagant ,three brunch starving finally sat ,0,0
510,Positive,continental one fave spots philly everything swingy chairs food must haves hawaii cocktail lobster cheese wasabi fries cheesesteak eggroll hard bar nice spot evening spend find cozy ,continental everything chairs must cocktail ,0,0
829,Negative,hello last night meal float service white arrived members street station given menus ordering actually nothing noted new policy priced meal must server offered checks manager came told us good people food front tolerable priced fix options next since la la carte menu items available carte available groups smaller mother burrata sister scallops thinking table bottles wine visitors job tell experience enough silly rules quality table look jerks ,service arrived street given menus ,0,0
590,Positive,make greek good feels outstanding clay pots ceiling ok nothing friends ordering appetizers split main whole lamb fried zucchini grilled octopus thoroughly experience say back ,make greek good feels outstanding ,1,1
2024,Negative,intimate friend place hood will say heels pasta screaming infinite times banshee wine menu well experience downtown considered average best since high opinion solid place eats definitely place seek craving ,friend will pasta screaming times ,0,0
650,Positive,right now atmosphere special inviting staff warm knowledgeable taken another level include moussaka poikilia dolmathes grilled baby chops room dessert recommend towering galaktobourekakia phyllo filled greek custard mountain honey ,right staff warm moussaka grilled ,1,1
2178,Negative,anyone jumps place one insisted food heard great decided give came early wednesday looked excited actually customers sitting outside tables small nowhere place purse functional purse holding either sounds already coconut rice way friend took chicken know particular dish sweet felt heaps sugar onto food three turned dinner right menu appetizing first best zero need equation next ,one food heard decided give ,0,0
535,Positive,drinks food gets place hang friends nice look place order tasty lemon drink taste alcoholic trouble much alcohol shoestring perfect cheesesteak egg think tasted mouth called enjoy meal per ,drinks gets place nice tasty ,0,0
2982,Negative,since owners stopped sucked food got people waiting yesterday morning go around corner old city diner try well place looked great service waiter empties coffee meal eat finally last meal tip came setup waiter replace setting diner kinda shocked sitting coffees asked time standard waiter regular crowd bad great food good service waitstaff hire broads ,since owners stopped food got ,0,0
50,Positive,great tapas experience fairly savory everything chorizo particularly dip bread meal went around fairly empty gave us entire glass taste flavor ended getting pitcher deal go back night ,great tapas fairly savory everything ,1,1
609,Negative,really wanted decor lovely hosts friend reservation good entree friend lamb portion reduced dry restaurant lamb better taste mousse entree wonderful lamb chops said ok nothing special back prices meal ,wanted decor friend dry restaurant ,0,0
215,Positive,now favorite second tonight service food beyond menu selection good time trying order brunch awesome blt bacon sad bacon even freaking good boyfriend got also important note ordered one one wish ordered beer cedar mary wish bartenders good said day dinner amber waitress top sucking back refills ordered veggie wings brussel sprouts start phenomenal explained us make back including wings wish seitan tried chef refuses serve personally boyfriend option menu went cheese original hey average good place huge sketch anywhere even cedar point cooked perfection sooooo fresh grass brioche bun way compliment place solid cheese burger among need anthony table say hi introduce think took people businesses neighborhood businesses personal introduction told loved back often wish lot luck really great ordered pie dessert average effing good tell menu places grow farm one really shop gets will seating really nice spring go bring friends fishtown ,favorite beyond selection good trying ,0,0
2934,Negative,prices decent prices better side enjoy atmosphere side diner way large outdoor seating positive club let many move let alone dance unless stranger case separate turn want type okay paying dj old well bunch whatever ,decent better enjoy atmosphere way ,1,1
109,Positive,yummmm one touristy still place philadelphia yes parking know rude reviews heavily based taste always sauteed onions cheesesteaks meat cheese huge always feel happy eating huge cheesesteak prepared fun go cram something kids usually one driving adventure finding also boyfriend properly experience say also compare delicious ,place philadelphia yes reviews heavily ,0,0
525,Negative,since much philly early eat advice concierge hit place onto set bunch bad disco set levels feel inside old trim place trying hard failing left second fine sit wicker suspended ceiling people seems novelty never even let alone seats time left back seat way awkward ok though first songs music consistency songs went current indie songs loud thumping club odd decor music outs friendly us since going order tell need time comes back order bbq entree tells us food finally food one entrees thought tell server quickly offers entree tells spicy spicy us ordered server enjoyment place never ,since philly eat onto set ,0,0
26,Positive,beautiful came day perfect locations space claustrophobic making abt easy way ppl cautious someone said highly making reservations awkward dance ppl plus wait table available regular sangria dilemma order pitcher glass way strong tropical sangria fruity def prefer regular sangria keep sufficient many food yum yum yum absolute pollo ok reminded cooking give four plates ppl also refill basket nice bc use taste chicken start dinner unfortunately going blocked able meal bday girl considerations ,beautiful came day perfect space ,1,1
773,Negative,hopes hole wall piques menu items enticing people array things remember items issue food lot salty courses helps great deal bring dish bite horrid come ,menu items people array remember ,0,0
278,Positive,must amazing circa school yummy food husband line corner waited lovely sweet gentleman every often coffee remember last time stellar onto food lemon ricotta pancake never life eat need syrup butter even though flavored butters good go thee amazing back eat go hungry ,must amazing school yummy line ,1,1
7435,Negative,years existed star years ago time place updated one update red kidding plus swear used kinda review said sandwich grimy atmosphere backdrop sort find street block quick ,years star time one update ,0,0
296,Positive,well feel really wait previous becomes wait yes first appreciate handing cookies fries still debating opinion sauce wait nice recommend actually makes order sure quaint ton walls noticeably ton written seat mirror near front reading reviews cinnamon butter order eggs mind imagined much pancakes big cinnamon butter flavoring eggs good runny bacon turkey although argue real bacon tasty goodness eating started pass really kept thinking take way physically walk typical style fully staff ,well feel really yes cookies ,0,0
3821,Negative,although see good one minutes two bottle drank right middle dinning practically cold wait finally smokey eyes always exhaust server pleasant food hmm order typical salad mistake tomatoes somehow still good appetizer pepper scallops imagine beautiful large seared come little scallops pretty tasty sauce say scallops dish fish good hard mess whole fish impressed friend told food good however abundance positive judge guess ,although see one minutes two ,0,0
379,Positive,go dinner time full way salad wrap learned thinking way house salad well worth realllly dry huge wrapped muscle maker lunch enjoy yet wrap mistaken good job will ,dinner full wrap well wrapped ,1,1
5770,Negative,place four stars night sashimi dinner spicy tuna salmon roll took yellowtail sashimi freshest sashimi pretty good everything fishy tuna horrible access place market farmington hartford worst drenched think really bad usually ,four salmon roll took pretty ,1,1
804,Positive,food atmosphere interior design big place need wait still restaurant lovely brought wrong plate one soon staffs speak quite strong wonderful style sausage made feel much also ,interior design big place lovely ,1,1
844,Negative,white seriously grew went celebratory nice nights lamb usually fresh delicious garlic go unfortunately returning appears price hike months nicer establishment law wharton folks across street kidding last year burger hour anymore guessing price afford menus really obnoxious things place food now established venue small select rich peeps ,grew went usually go returning ,0,0
325,Positive,boyfriend went saturday ago waited enjoyed cups order rickey ordered egg cream awesome breakfast challah french comes strawberry line minutes greeted chatted regulars atmosphere really tasty food stack near front tight guess storage limited group group showed seated immediately party ,ago waited enjoyed rickey egg ,1,1
351,Negative,meh michigan bad special though really looking marakesh merguez sausage unfortunately sausage toppings top moroccan mediterranean bland fries good aioli maybe wanted go eat though ,meh bad special though top ,0,0
462,Positive,place since first visit fatty brisket pork ribs portions downside place still serious give bit still knocking chairs spilling things chunks early food corn corn sausage great now place star potential ,place visit fatty brisket pork ,0,0
5976,Negative,one word sigh place go now want place first minutes decided table room got pints pretty tasted lines cleaned order appetizer everytime deserve time ordered winner time burnt fish guess cook fish chips oil entrees came later ok tasted fish ordered going come guess added brought said thanks beer know re serve said watched shame place used another said pubs grasshopper morristown go cedar grove ,one word go now want ,0,0
367,Positive,ok try even suggestion wait hours place packed wait pick dinner round veggie version dog take home try first bite little afraid underdogs new vegan vegetarian kinks person particular hot brands finding suitable see going yummy however toppings dog bun hopeful ate gave hot although taste eating dog additional spices vegetarians fans mock tasting close real thing hot satisfy craving one hits also came drink fries came chose garlic dairy wrestling tasty forward ,try suggestion place packed dinner ,0,0
148,Negative,native much steaks way tastes often waste lot fat spit wet soggy fan either always taste likely tradition workers god much water buy puppy hold head know done raise soggy wet steak spitting trap eh cheese fry soda money much spent across street rather wait long ever eat go now even business ,steaks way waste wet soggy ,0,0
433,Positive,one awesome east coast food excellent seating normally order appetizer mushrooms decidant tortilla soup best coyote crossing second entrees wow room dessert mexican homemade churros die ,awesome east coast excellent seating ,1,1
3081,Negative,used great day overpriced however last paid failed impress good bottled food gone downhill lately menu changes seasonally special food fails prices end food ct york food far saying terrible although visits near prices caseus menu lot apps entrees choices grilled cheese worse cheese costs half costs hit cheese truck drive bit great great restaurants area looking meal ,used overpriced however paid failed ,0,0
678,Positive,italian best area based best since guillotine brooklyn pretty guess make pizza parmesan cheese rest pizzas lone exception topping pretty dry opinion chicken pizza anyway right good heros calzones strong stars ,best make exception chicken right ,1,1
2630,Negative,got place feel right away host options sorta middle close table us tired def bitter oh also tried cornbread spread decent entree told special highly recommended got special roasted bobo shallot honey got waffles mash potato wanted potato missed food arrived cool potato began tender tender stayed oven roaster lot anyway feet totally freaked put already needless enjoy also mash potato also salty initially orders entree see oh dessert dessert menu anyway still inquiry cold shift either way return ,got away options table us ,0,0
1038,Positive,liked place nice tasty although chose meal option larger ask little pricier good bar tables downstairs also dining red good ordered little due sauce satisfied left take home mine well sauce definitely back ,liked place nice tasty chose ,0,0
4033,Negative,another one cuban leave ate friday night completely meal pay next seek find amends meal authentic cuban restaurant know york city queens much much fulfilling meal next day much spent total left satisfied rest left hungry show pay teeth meal taste anywhere many people everyday paying cuisine supposed delicious meal people good food cheap good real compare knew know love much oh well least know truth many downtown hipsters take parents cuban miami cafecito captures real meal near realm quantities honest latin queens late sometimes go dinner completely american american fact prices croquettas prices seem ludicrously point food fake hipsters frequent overpriced cuban want cafecito st habana even cuban flock friends authentic cuban must try must go americanized cuban establishments much papa ,another one cuban leave ate ,0,0
324,Positive,recently came seven hiatus went kept going swiss closed sundays open evening good mesh working sunday excited line yeah dork now daytime nights heading gardens forgot museum tuesdays oatmeal brains side hate mean away thing kid even though also service nevertheless bread french oh love fresh strawberries ft dry fresh strawberries news pumpkin pumpkin bigger french loved cherry lime order pancakes next time love wicked nice also now know going around perfect large stroller side room end give four stars go back probably order ft use ,recently came kept open evening ,0,0
2364,Negative,decided delivery one wanted chose order never tried place reviews first arrived half hour later got call delivery driver went apologetic talking phone sounded star food ordered maki soup shrimp tempura boston roll okay fresh dipped spicy tuna unappealing tuna sound ate stomachache disgusting bathroom later star good roll express sushi go real want sushi ,decided one wanted order never ,0,0
73,Positive,dragged road trip better cheesesteak philly gonna lie fan chease figured try tehres huge july line went definetly assembly classic cheese see kitchen prepare food sandwiches flying cakes line patron competetion going steak sit tables presummembly started one well kept till guy family left waited drooling starving order classic provolone cheese ugh wiz got drink steaks massive worth cost first good cheese wiz missing peppers onions perhaps mine provolne onions make heavenly ate whole literally buy another first time cheese hear think geno got ever back will stop one menu ,trip gonna fan figured try ,1,1
119,Negative,away family friends feel philly state go progression go hearing good cheesesteak point hierarchy good now tourist popularity dry toppings walk time feeling also blatant foreigners though true spanish speaking population live nature multi ,away friends philly go cheesesteak ,1,1
16,Positive,cute came night reservation regal union movie theater far thinking dinner movie welcome arrived little early minutes table ready waiting annoying except doorway waiters constantly sorry time time ordered espanola potato pie sadly really plain gosh pie potato arriero skirt ordered size say ate ordered racion pieces one now albondiguillas estofadas delicious see coming solomillo la naranja great jamon much love skip one rolled ham triangles seafood paella sticky paella know ridiculous made huge pretty bravas spicy potato good mango sangria pitcher place order great overall fun experience really nice oh free party one kept asking gave smile faces miss since prices people tip person recommendations skirt steak albondiguillas ,cute came night reservation union ,0,0
490,Negative,times lifetime high used think awesome fusion choice pad thai however past realized time way skip bright side nice hanging chairs always portions price remember getting pond korean tacos small price moderately expensive lobster mac mac looked rice texture cheese mild flavor plus choice desserts normally got everything cheesecake never liked bf resulted confirmation might cheesecake didnt lot got tired never mix ice cream water ice apple caramel something cake actually cake feeling spongey generally liking caramel ,times high used think however ,0,0
181,Positive,world battles best steak really ugly people philly way downhill tony darn however father south used work italian make cheese rolls hand also raised enough got pork sandwiches steaks come around eat space come right know order window line want anyone holding line cell line paying window told go back rude element nazi place think charm whether onions something american wit th sound want sound local onions wit especially will steak cheese self respecting knows will cheese wiz invented sold provolone melts sure wiz actually conversation behind counter one day day one else told always tourists order want steak local now order steaks one window drinks fries order steak papers pot stand cherry pepper tangy bit sweet right amount see peppers sandwiches red green cherry peppers look ones pot put car cold good luck spot tables want finally stars instead quality everything confrontational xenophobic customers sell fries french raised find better steak liberal find city philly going back usually let cravings mouth watering sliced steak soft melted peppers birch beer cheese intake right understand cheese steaks try make mind ,world best steak really ugly ,0,0
341,Negative,well one new anyone buen provecho located rd hamilton ave peasants predecessors nice first four people many tell forgotten another seated us next us drink seconds seated brought drinks took dinner glance nicely got octopus salad octopus lacked seasoning acid lemon juice thing half boyfriend ordered stew inedible stew tasted gone bad lick order chicken sauce chips dish chicken stuffed plantain mash sauce yellow rice turns plans half overcooked raw stuffed later informed sausage bread sauce side looked food jar rice dry whole seasoned whole sometimes con even one perfect love spanish food definitely good spanish food ,one first four people many ,1,1
306,Positive,tom oh man decided brooklyn museum always sure leave little early go lunch complementary waiting line limited sausages slices service one insane areas ever ordering hard everything menu delish friends something plates also yes insane spoon partial friends rickeys might wanna especially cavity year ,oh museum always sure little ,0,0
162,Negative,worst steak anyone place behind counter unfriendly best right conditions steak salt pepper plastic way soggy bland real let took new philly tourist treat sorely best thus far unknown street leave rude steak place else ,worst behind counter salt pepper ,1,1
226,Positive,best homemade puerto rican food new adela great recent trip adela sets lunch eating kitchen pr casual plus telemundo order beverage great among la reina adela todo de casa ,best homemade puerto rican new ,1,1
175,Negative,honestly believe shithole first never go ever pats cheese point across street pats genos og better plus retinas way genos dont always forefathers didnt maybe jersey ass lives everyone south lots live shit countries everyone place cheese steak lousy anywhere mexican hope one visiting copycat turns least ,honestly believe shithole first never ,1,1
323,Positive,place throwback old enough remember collective made long best creams bar none pancakes sorts flavors place pancakes taste plus strawberry oh kitchen jerk makes forced patio extension yes long weekend offering free wait thing waiting restaurants offer fish eye open plan carefully service think got order mean molecules kitchen state secret love love day rely hypertension medication yum ,place old enough best sorts ,0,0
141,Negative,going either depressing friend came overseas felt town girl never cheesesteak anyway forgot pat rocked bit line none perfect tell boyfriend order care window lady counter translated wiz later lady slid shut boyfriend waved one way ice standing windchill weather cheesesteak really utter garbage someone cheesesteak twice liberty center another fast full hours since ate bites boyfriend friend wanted hate case still feel bread cheese appendix abandoning decided sure help finish cheesesteak friend boyfriend end ,going either friend overseas felt ,0,0
521,Positive,philly one must visit service drinks food incredible server restaurant interesting seating drinks good tasty first time beer lastly never really onion soup thai menu good find philadelphia ,must visit drinks incredible interesting ,0,0
4655,Negative,positive food decided take birthday went tried make reservations parties eight went large min waited min told additional table well ended half hr nearly wait sat take order entire order starving waited mussels grainy traces sand sauce husband entrees stars come regret dinner three hours grumpy waiter hostess frazzled customer service mediocre best sure parties will returning ,food decided take went tried ,0,0
338,Positive,actually couple feel update original review still reasons now also give thumbs yummy reasonably priced anyway food shrimp beef skewers apricot brie flatbread huge delightfully ,feel original also thumbs yummy ,1,1
2015,Negative,dear trusted give honest reviews establishment disgust good concept decided birthday thought busy lounge waited half elbow patrons two tables know sit back cramped one point spilled water table next looked even clean conversational food maybe type place entree maybe come understand however need seriously reconsider portioning bit typical say hungry short ribs cow deep location moral dining potato fairly cook skill transcends portioning girlfriend got dish tomatoes review short grab drink recommend dining merits ,give honest establishment decided thought ,0,0
453,Positive,night eat much possible two us meat fatty brisket pork sausage good temp flavor enough collard cornbread mac cheese tasty fair apple pie staff knowledgable ,night much fatty brisket pork ,0,0
8002,Negative,parents last night nearby say last service waiter asked waiter asked soup croutons finally entrees came say dishes sent minutes hostess said answer problem sharing entree want wait another cooked thought grand tip even deserve sure never return stick trattoria ouzo always great entrees arrive less never make ,service waiter asked finally minutes ,0,0
318,Positive,finally eggs correct service really cup coffee french amazing horseradish sauce cinnamon whipped cream brought line knew outside neighborhood walk great experience think found regular line came chocolate chip cookie yeaah open ,really cup amazing sauce cinnamon ,0,0
1482,Negative,got food place setting aside smaller plastic menu wait brunch forty minutes hostess said two hours opinion try especially everyone say overall service bad hostess names mixed ready hostess shift tried originally organizing bakery server friendly food slow come notice much good company famished ended getting hot chicken sugar blueberry egg salmon chicken sandwich burger fries fresh blueberry pancakes airy light yet certain maple butter good pairing sweet still pancakes salmon scramble whites fluffy good eggs unsettling unfit fishy said best salmon pairing eggs ache eating remember grade check stick known pancakes muffins although try anything section looked pretty fairly think muffin ,got food aside smaller plastic ,0,0
307,Positive,recently brooklyn easy going good food friendly sunday got coolest place waiting gooooood staff friendly good fries staple sauce world really easy less minute walk try want go ,recently easy good friendly place ,0,0
4374,Negative,food really got ready till trying push tomatoes mozzarella suggesting four times raise hand three first put wine boy wine lastly food silverware new silverware raise attention pulling concept small dishes share suggested wine pairings ruined idea ,food got ready tomatoes four ,0,0
234,Positive,wow place rave tiny pop restaurant par super welcoming took worth wait table dishes mofongo tasted different delicious tostones perfectly outside crispy inside breaded chicken simple crispy light also byob say going charge open one close us table really friendly die extremely affordable ,place rave pop super dishes ,0,0
707,Negative,really forward spot south love great biscuits unfortunately experience sub par nye afternoon industry wanted catch food menu coming got table minutes getting nice catching waitress came table brought glasses asked coffee appetizers immediately seemed cafe half full time veggies brought welcome nice veggies wilted looked thought meant pickled dip nice water glasses eggs different nice fried tomatoes blah waitress suggestion couple biscuits recommend sharing came biscuits really made hard cut ate biscuits quickly hungry ingredients biscuits also grocery mesculin mix biscuit wilt put sandwiches also food different georgia lived flavors savory salty love mustard coleslaw meal gross tasteless disappointing waitress couple mildly something busy right second made create waitress lacked set table waitress experience uncomfortable also despise pay ipad give tip hand waitress although justify industry think cafe slow comfortable need table appears convenient give another completely baffled feel ,south biscuits experience sub afternoon ,0,0
484,Positive,year waiter establishment us global one one try everything pretty service tried glazed pork belly butternut squash puree zest chicken tikka masala style basmati raita spinach soy sauce monkey warm banana wonton walnuts vanilla ice cream catch friends night east area definitely back ,year try everything glazed pork ,0,0
697,Negative,super check snowy night good cocktails made great bit top ordering cocktail way go bad olives dont service way order strange cheese meat hunk butter place sort raunchy hip really fit entire around bad ,check made bit top ordering ,0,0
335,Positive,really great space prepared terrific fun stand long even us ridiculous bartender tim ass sexy said food flatbread filet enjoyed vibe breadth customers age race dress etc got gay ,really great space prepared terrific ,1,1
3215,Negative,came birthday dinner two going birthday dinner left sour reservation expected low key something cozy nothing obnoxious partner check sat water open bottle wine looked service maybe wanted greet us existence got time survey place chipped bread every familiarize limited types oysters appetizers fish phone check tell choices since order whatever want food type oysters menu another papadelle mushroom hamachi tartar entr strip bass waiter place said place oysters appetizers wait partner felt though service another bread end crust bread due looks weird gave piece bread however new bread sq inch left crust frustrated maybe another arrived waiting date arrive promptly waiter tentative asking bottle within min sigh citizen strike right food arrived oysters salty got quarter wondering oysters double clarify pretty chops tartar hockey tartar little bland tasted scallion much cooked wow percino cheese made salty octopus burnt understand charred will give going pork belly chef grain cut choked veal breast time chewing meat trying hard spit say thank god instead tell us told something donut want deal waiter anymore something asked paid left ,two going left sour expected ,1,1
632,Positive,made night continuing went able table started egg drop chicken soup homemade grandma make chicken soup using fried zucchini lightly leaves still think strong caught entrees chicken striped spanikopita good try things little walk long corridor tables back also got turn order time usually take order two time new beer alfa place also bad wallet try sidenote activity tables next long grey joke raise glasses sao ,night started egg drop chicken ,0,0
5098,Negative,came checking offerings bit chose one plate amount food black hummus interesting served fresh veggies worked nuttier standard fish chips another pictured across yelp fried fries fish oil tasted soggy moisture saving grace punch two toppings yuzu drizzled fish little creativity short hope night plan return except maybe pleasant ,bit one food hummus another ,0,0
423,Positive,review think better return singing praises going away right though space waitress great sort bowl amazing generous tempted star menu night sweet plantains cream caramel sauce well worth rolled side full may something ,right space great amazing generous ,1,1
6454,Negative,ordered night take minutes got another food come going instead saying normal opened container chicken pad ew called send away took another tofu pad se arrive finally chance later bland small portion close thai places usually give plenty enough later night next morning think thai area ,ordered take minutes got another ,0,0
56,Positive,nai friends came day went beyond seated top back dates recommended tapas order everything came right probably different tapas white sangria standouts meatballs dishes well however mind waiter brought extra tapa pointed order touched yet back us house well mistake whole meal costing dollars let recommend tapas good reasonable laid atmosphere ,nai came day beyond recommended ,0,0
3006,Negative,surprised reviews brunch friend chicken knows paying good even served greasy pile chicken pick thing now resourceful issue resorting soggy soaked either served left grease oil swamped entirely ask something minutes check experience joint ever ,brunch friend knows paying even ,1,1
403,Positive,de ever eaten walls good drinks though pacifico think atmosphere cuban old scenes occupied using bathroom taken good date rents yucca fries ropa vieja black soup complain problem either try traditional ,de eaten walls good drinks ,0,0
8353,Negative,place stars cheese burger extras burgers least fries good rockets cheap order process strange order pay go find seat food come one tasy hey charge students students qdoba street grill block better burgers place ,cheese burger burgers least fries ,0,0
486,Positive,probably little since essentially started day dollars scrounged together sandwich went local penny convert loose change dollar bills broke ended us fancy restaurant level wicker entrees delicious cocktails delectable well ,probably little started day together ,0,0
7404,Negative,things place ton come really one really wanted first problem big problem food pear muffin guess good nothing home similar one food good left now will forget glory diner yeah edit ketchup forget anyone loves ,come one wanted first problem ,0,0
104,Positive,went two ago visited philly hour worth gf cheesesteak return visit soon order since day western church windy meant time decided went traditional go whiz mean cheesesteak adding whiz car eat else philly bigger crowd delicious must anyone area ,ago visited gf visit soon ,0,0
875,Negative,happened white first friend last time summer terrible girlfriend meadow run lamb barely plus well spicy bolognese nothing spectacular much better expensive worthless extremely next door tavern specials ,happened first friend time summer ,0,0
37,Positive,star fact even still table new nyc maybe normal amazing items delicious sparlking white wine sangria words staff really buzzing atmosphere definitely recommend now tapas review ,new amazing delicious white wine ,1,1
329,Negative,place ok first ordered sandwich go forever order gave doubt bc place opened today jenifer studio pictures ropa beans fried yuca mojo hubby ordered came sides came different times ropa leche disappointing yuca greasy great ,ok first ordered sandwich go ,0,0
374,Positive,spot style food hard find family taiwanese love together exotic taiwanese menu standard food favorites three cup chicken ji greens soup minced pork whatever addition stinky tofu taiwanese faint heart say smell eat husband touch stuff least willing friendly pride fresh msg food wonderful selection delicacies also chinese food top familiar food generally cleaner people go every old location glad opened post old country cash last ,spot style find family taiwanese ,0,0
3707,Negative,happened serve amazing side dishes rice meals seems offering served us past night disappointing yes every time type inconsistency us dishes big turn many away thought ,happened serve meals seems us ,0,0
713,Positive,pleasantly nyc several year try place time come drinks decided highlights pork belly fatty sissig meaty gotta love different head pork perfectly complimented salad fresh looking forward soi something discovered thailand version spicy tried good good previously oh ordered favorites perfect tasty spicey flavors dishes although stuffed try halo expect essentially hodge podge cream desserts pretty delicious nice end savory meal friendly efficient setting warm probably benefited propped open feeling se asia definitely locals list regular ,several year try place drinks ,0,0
7023,Negative,think pretty obnoxious people working monday minutes time still closing time crew interested serving explained something evening soon door wait way table give attitude menus minutes meant minutes minutes eat bi otch replied whichever made true gall bye bye settle food mostly staff ,think pretty people minutes time ,1,1
628,Positive,great almost want decoration communion seems come small people birthday made reservation saved nice spot corner mirrors good fantastic surprised good way shared greek greek grilled octopus must try food chop remember name surprisingly ribs dish yogurt prepared birthday cake chocolate mouse yummy galaktobourekakia foodie co place trusted giving waiter asked us food take time order entr ordered appetizer ,great small birthday reservation nice ,1,1
3028,Negative,suppose good going back us door instructed large board lead us amongst much larger sitting squeeze us view preferred less view ate arrived mention alone us roll settled special remember perfectly good restaurant citizens tourists build come visiting want lake take walk take one boats ferries good seafood restaurant either way happier ,going back us door sitting ,0,0
492,Positive,people dinner ambience place bf impressed thought fun though night friends romantic date spot good knowledgeable helpful us many oh well gain tried things much meat eater surprisingly enjoyed cheesesteak ribs style chicken tikka masala small plate portion flavorful however better authentic indian shrimp tacos tasty pickle flavor sesame spinach big dishes one signature cocktails overpriced next time save good larger tapas good time little many saving bit ,dinner ambience place fun night ,1,1
2369,Negative,went couple although good service food overpriced realize rittenhouse portion hanger steak absolutely absurd ordered hanger fully decent steak received quarter normal steak almost ordered previously disappointed made portion mind european portions ridiculous friend eating meal still hungry huge either night absolutely dead bit especially summer hurting decided back food literally salad good worth ,went couple although service food ,1,1
818,Positive,true lunch good think well secret see go lines wait fact meal appealing delicious preserves schaller weber yorktown bread favorite scrambled eggs potatoes served slices thick bacon portions small prices prepared unsatisfied german names attempting visit musem bonus scar cheek ,good well secret meal delicious ,0,0
3728,Negative,place good ratings food know never food enjoy fact since stars hard place called tofu house tofu bland soon saddest excuse soon ever good soon doobu broth bother broth mess made delicious place got orders sigh banchan kimchi sucked flavorless dr waste time money stomach ,food know never enjoy fact ,0,0
1125,Positive,looking new place saturday night remembered pio bookmarks first decorated since sit lounge area front next time rsvp admit hiccup waited us came things started look ordered along rellenas delicious peruvian inspired restaurant classic ones delicious entrees went arroz con camarones cuzco whoa came bigger going shrimp mussels plate sea jumped prawns shrimp calamari octopus clams rice mound camarones large dish correctly large obviously definitely back pio beans ,looking new place night decorated ,0,0
3305,Negative,place huge minutes someone finally ask friend mind middle day came take order another good friend impatient nachos mango pork burritos nachos best barely pork sriracha flavorful see back ,huge minutes someone finally ask ,0,0
43,Positive,impressed nai making tried different fried awesome goat balls wrapped cracker pure works well chorizo think patatas bravas whether potato every bite made happy meatballs tasty savory came dip bread prepare soak staff manager came check table things super friendly even gave us complementary shots dessert liquor need buzzed taste fruit juice must alcohol tropical sangria mango tad also live shows twice week check ,nai making different fried awesome ,0,0
726,Negative,boyfriend made pig figured table fortunately table waiting longer two groups basically squished groups flipped viet watermelon canned beer noodle side pork rather high genuinely place way food great part order probably pork rinds pretty sad boyfriend pretty think returning ever ,boyfriend made table waiting two ,0,0
